最低気温(℃),降水量の合計(mm),最高気温(℃),開花日
22.6,0,28.9,5
22.5,0,28.8,5
22.7,0,28.3,5
24.9,1,28.6,5
23.9,0,29.3,5
22.9,3,26,5
22.3,4,27.1,5
23.9,0,26.6,5
20.8,0,27.2,5
21.1,0,27.1,5
20,0,28.1,5
20.9,0,28.2,5
23.5,0,28.8,5
24,0,29.2,5
24.1,4,27.7,5
23.9,0,27.7,5
23.5,0,27.4,5
21.5,0,27.3,5
21.5,0,27.2,5
22.3,0,24.8,5
20.8,0,25.3,5
19.4,0,25.8,5
20,0,26.3,5
19.5,0,25.6,5
19.8,0,22.6,5
17.7,5,20.8,5
18.9,2,24.7,5
22.6,30,26,5
22.2,0,26.8,5
22.3,0,28.1,5
22.2,0,27.7,5
21.6,0,27.2,5
20.1,0,24.6,5
19.9,0,25.4,5
21.6,12,25.9,5
22.3,0,27,5
22.6,0,25.9,5
22.6,0,27.1,5
21.8,17.5,27.6,5
21.8,7,27.3,5
16.8,31,24.6,5
18.5,0,21.9,5
15.8,0,22.5,5
15.7,0,24.1,5
18,0,25.2,5
22.2,0,27.3,5
22.5,4.5,27.2,5
21.7,0,25.9,5
21,0,25,5
19.3,28.5,25.6,5
20.7,0,23.5,5
20.2,1.5,26.4,5
22.1,0,27.4,5
20.7,0,25.9,5
18.5,0.5,22.6,5
17.1,0,22.3,5
17.2,0,23.8,5
19.2,0,24.9,5
22.2,0,25.3,5
21.2,96,24.6,5
19.2,0.5,21.7,5
15.9,0,21.4,5
15.1,0,23.4,5
17.1,8.5,20.4,5
17.9,0,24.3,5
17.4,27,22.9,5
14.4,0,17.9,5
14.9,0,20,5
14.4,0,21.9,5
17.2,12,22.6,5
17.6,9.5,23.9,5
17.2,40,25,5
14.7,4.5,18.2,5
13.9,1,18.7,5
14.2,0.5,18.6,5
14.3,0,21.1,5
17.2,10.5,23.2,5
15.6,12,18.7,5
14.3,0,17.8,5
12.4,0,20.1,5
13.9,0,20.8,5
17.3,21.5,19.8,5
17.9,4,20.1,5
14.3,0,19.9,5
13.2,0,21.3,5
18.8,9,20.4,5
15.9,20.5,19.4,5
15,0,16.4,5
13.6,0,19,5
12.9,0,20.6,5
12.7,0,21.7,5
18,0,22,5
25.2,0,29.9,16
25.7,0,30.2,16
25.3,0,31,16
25.8,0,31,16
25.5,0,29.9,16
26.3,0,30.2,16
25.5,0,30.2,16
24,0,29.6,16
25.4,0,28.2,16
25.4,0,28.1,16
22.9,0,28.8,16
23.2,0,28.4,16
24.4,0,29.7,16
25.7,0,30.6,16
24.1,0,29.6,16
24.5,0,29.9,16
25.2,0,30.5,16
25.3,0,28.6,16
24.7,0,30.3,16
24.4,0,29.8,16
24.3,1,30.2,16
23.6,0,29.8,16
23.7,0,26.7,16
21.9,0,25.5,16
21.5,0,27.1,16
24.2,0,28.8,16
22.8,0,26.7,16
22.2,0,26.6,16
22.9,0,27.2,16
22.1,0,26.9,16
20.6,24.5,27.7,16
19.4,0,23.3,16
19.7,0,25.9,16
19.2,0,27,16
20.1,0,27.7,16
21.8,0,27.1,16
22.5,0,25.3,16
19,0,24.6,16
18.2,0,24.9,16
19.7,0,24.5,16
19,1,25.8,16
21.6,0.5,23.9,16
20.7,0,23.4,16
19.9,0,22,16
18.5,0,22.9,16
17,0,23.1,16
20.6,0,23,16
17.2,0,21.2,16
17.3,0,20.8,16
15.7,0,22.9,16
17.8,0,23.6,16
17.9,0,24.9,16
19.8,0,22.5,16
19.1,2.5,21.2,16
19.2,0,21.4,16
17.4,0,21.3,16
16.1,1,19.1,16
15.3,0,20.4,16
16.5,0,23.2,16
17.9,0,24.1,16
17,0,23.5,16
16.7,0,19.9,16
17.2,0,22.3,16
17.9,0,20.4,16
17.7,0,18.9,16
16,0,20.7,16
14.6,0,21.9,16
14.8,0,23.3,16
16.2,0,21.8,16
14.3,0,21.7,16
15.9,0,24.4,16
15.9,2,19.8,16
13.5,0,19.9,16
13.9,0,22.3,16
16.2,0,23.4,16
17.4,1,20.7,16
16.1,0,19.7,16
14.1,0,19.4,16
13,1.5,16.8,16
11.7,0,19,16
14.6,0,19.6,16
14.3,0,22.1,16
17.1,3.5,23.6,16
14.8,2,17.8,16
12.5,0.5,16.2,16
12.5,1.5,15,16
13.8,0,16.5,16
12.4,0,16.8,16
13.1,0,15.6,16
13.2,23,15,16
11.6,7.5,15.6,16
10.8,2,13.9,16
24.6,0,30.6,23
25.8,0,30.5,23
24.9,0,30.1,23
24.8,1,29.5,23
24.4,0,27.4,23
22.7,17.5,27.8,23
21.8,1.5,27.3,23
24.3,0,27.9,23
24.8,0,28.8,23
23.2,14,28.2,23
23.2,0,27.5,23
21.4,0,26.8,23
21.3,0,27,23
21.1,0,27,23
21.4,0,26.4,23
21.6,0,26.8,23
22.3,0,26.2,23
22,0,27.7,23
22.7,0,27.2,23
22,0,27.1,23
20.4,0,24.4,23
19.1,0,24.8,23
18.4,0,26.5,23
21,0,26.9,23
22,37,26.1,23
22.2,1,26.6,23
22.8,12,27.9,23
20.9,0,24,23
20.3,0,22.7,23
17.9,0,22.6,23
16.8,0,23.9,23
19.5,0,26.1,23
20.2,0,23.8,23
17.1,10,22.6,23
18.3,10.5,23.6,23
20.7,12.5,25.6,23
22.5,17.5,25.4,23
22.7,0,27.3,23
21.6,2.5,26.2,23
20.4,0,26.6,23
20.7,0,27.2,23
20.7,0,28.6,23
20.9,0,27.8,23
22.5,0.5,26.9,23
21.8,0,27.2,23
22.4,0,29.3,23
22,0,25.3,23
21.4,0,26.1,23
22.2,1,27.3,23
20.7,0.5,24.3,23
19,0,22.6,23
20,0,23.9,23
19.2,5.5,24.8,23
19.7,24,24.5,23
20.3,2,24.5,23
19.4,0.5,22,23
16.6,0,23.5,23
19.7,0,23.7,23
18,2.5,20.8,23
17.8,16,20.3,23
16.6,13.5,20.7,23
18.7,0,21.2,23
17.2,0,20,23
16.5,0,21.5,23
17.9,0,23.7,23
16.8,0,23,23
17,0,20.5,23
14.8,0,21.8,23
17.7,0,22,23
18.2,2,24.2,23
20,42,23.2,23
20.1,0,22.1,23
18.8,0,21.2,23
15.4,0,22.3,23
16.2,0,23.3,23
17.3,0,23.9,23
18.4,0,25.1,23
17.6,0,21.7,23
16.5,1.5,23.3,23
15.6,0.5,19.4,23
15.2,0.5,21,23
17.5,1,23.7,23
15.4,5,18.4,23
13.6,4,15.7,23
12.6,5.5,15.6,23
11.2,5.5,17.6,23
13.6,0.5,20.4,23
15.1,3,17.7,23
13.9,0,17,23
13.5,0,15,23
12.4,0,15.4,23
12.2,0,18.8,23
23.7,0,27.4,23
22.5,0,25.5,23
24,1.5,29.3,23
27,0,29.4,23
24.6,5,28.8,23
23.9,0,27.3,23
21.6,0,27.2,23
20.4,0,27.6,23
22.4,0,28.8,23
25.1,0,28.8,23
24.3,0,30.5,23
24.5,0,29.8,23
23.8,0,29.4,23
23.6,0,29,23
23.9,0,29.1,23
23.5,0,28.4,23
23.3,0,26.9,23
22.7,0,25.1,23
23.4,0,28.7,23
24.8,0,29.2,23
23.2,0,29,23
23.8,0,27.7,23
22.5,0,26.5,23
21.4,0,27.2,23
20.3,0,26.8,23
21.6,31,26.5,23
22.9,3.5,27.9,23
22.5,11,26.9,23
23.1,33,27.2,23
23.1,4.5,26.1,23
23.8,0.5,27,23
20.9,0,24.4,23
19,0,23.3,23
17.6,0,24.9,23
19.1,0,26,23
18.9,0,26.5,23
19.1,0,25.5,23
20.1,0,26.6,23
19.8,0,25.5,23
19.8,2.5,23.5,23
18.4,39,21.3,23
16.8,0,22,23
16,0,23.3,23
19.4,0,21.2,23
17.8,0,22.2,23
15.7,0,21.9,23
17,0,23,23
18.3,1.5,21.4,23
16,0,20.2,23
14.3,0,22,23
15.8,0,23.1,23
15.6,0,23.7,23
20.1,0,26.6,23
21.1,1.5,27.1,23
17.6,41,24.3,23
15.7,0,19.8,23
15,0,22.7,23
17.1,0,23.6,23
18.9,5.5,25.5,23
17,0,20.5,23
16.4,0,20.3,23
15.9,3,20.8,23
14.2,7,20.4,23
15.9,0,23.2,23
20.7,0.5,25.8,23
19.6,24,22.2,23
18.6,142.5,25.6,23
19.9,0,23.5,23
17.9,2,20.5,23
15.6,0,18.4,23
13.8,0.5,19.9,23
15.9,9.5,20.9,23
14.8,0,17.1,23
13.8,0.5,19.1,23
14.3,3,17.6,23
11.5,0,16.4,23
11.1,0.5,14.1,23
12.6,0,15.6,23
13.2,0,17.9,23
12.7,0,19.2,23
14,0,18.1,23
14.6,0.5,20.3,23
16.3,3.5,20.9,23
14.9,0,18.4,23
13.5,0,17.2,23
15.2,0,18.9,23
16,0,20,23
15.9,0,21.9,23
14.4,0,21.6,23
18.5,0,22,23
19.1,4,24.1,23
14.5,20,19.2,23
23.2,0,26.8,9
22.4,0,25.7,9
19.9,0,26.9,9
20.7,0,27.4,9
20.2,0,28.1,9
21.1,0,27.2,9
22.5,0,27.1,9
21,0,27.3,9
21.8,5,28.5,9
23,0.5,26.2,9
22.2,0,24.5,9
21.8,0,25,9
21.4,0,26.4,9
21.2,39.5,24.3,9
21.2,2,25.3,9
22.4,0,27.2,9
22.3,0,26.9,9
22.7,0,28.2,9
22.5,0,26.3,9
20.5,0,26,9
20.3,0,26.7,9
20.4,0,26.5,9
20.9,0,25,9
21,0,26.8,9
21.5,0,26.2,9
21.7,0,28.2,9
24.2,0,27.8,9
23.2,0,28.5,9
20.5,3.5,25.8,9
19.3,0.5,22.3,9
19.3,0,24.8,9
18.2,39.5,22.1,9
19.3,1,24.9,9
20.8,0,26.5,9
19.7,5,23.6,9
17.9,3,21.5,9
16.1,0,23.1,9
17.2,0,25.8,9
20,0,23.6,9
20.2,0,23.4,9
17.8,0,22.7,9
17.8,0,23.6,9
18.3,0,24.3,9
21,0,26.1,9
20.5,0,27,9
21.7,0,27.9,9
21.5,3.5,25.4,9
20.2,35.5,24.8,9
20.3,0,24.6,9
20.1,0,24.6,9
19,4,22.2,9
18.5,2.5,22.1,9
19.9,12.5,22.1,9
20.5,3,25,9
23.2,2.5,27.9,9
19.3,7,23.4,9
17.2,0,19.9,9
16.8,0,20.6,9
18.5,0.5,21.5,9
18.1,1,20.7,9
18,0,19.6,9
16.8,0,22,9
15.3,0,22.5,9
17.3,0,23,9
15.4,1,19.3,9
14,0,20.3,9
14.8,0,21.8,9
15.8,0,20.8,9
15.1,0,18,9
15.2,0,18.8,9
16.2,0,21.4,9
17.1,0,21.6,9
19.4,0,23.6,9
20.4,5.5,24,9
20,0,24.1,9
19.3,0,21.4,9
17.9,0,20.6,9
16.2,0,21.5,9
16.6,5,23.9,9
13.7,0,17.8,9
13.6,0,16.8,9
12.7,0,21.1,9
14.7,0,17.7,9
13.9,0,21.9,9
15.7,0,22.9,9
17.9,0,23.2,9
17.2,0,21.2,9
15.9,3.5,18,9
13.8,0,17.1,9
13.2,0,18.3,9
13.6,0,21.9,9
17.6,0.5,24.4,9
24.2,11,28.2,23
23.8,2,29.6,23
23.8,2.5,26.7,23
22.4,50.5,26.3,23
24.7,3,30.9,23
24.4,0,29.1,23
25,0,28.8,23
24.4,0,28.8,23
24.2,3.5,28.5,23
23.8,0,29.8,23
24.8,1.5,28.7,23
24.3,0,28.6,23
23.6,0,29.6,23
25.2,4,29.6,23
25.6,0,28.4,23
25.2,0,28.8,23
24.4,0,28.2,23
23.4,0,28.3,23
22.4,0,26.5,23
21.3,0,26.1,23
21.7,0,26.6,23
22.8,0,27.3,23
23.6,31,26.7,23
26.4,1.5,30.2,23
25.4,4.5,30.6,23
23.7,31.5,30.4,23
23.4,0,29.8,23
24.6,14.5,29.2,23
24.7,1,30.3,23
24,0,30.5,23
23.2,0,29.5,23
24.3,0,29.8,23
24.7,0,30.5,23
24.4,0,28.8,23
22.1,4.5,26.7,23
19.2,5,22.6,23
17.4,11,21.7,23
19.9,6.5,22.4,23
19.5,0,24.7,23
19.6,0,25,23
21.6,0.5,24.4,23
21.6,1.5,26.9,23
22.1,9,28.6,23
22.6,2.5,26.5,23
22.5,0,26.7,23
21.5,0,25.3,23
20.8,0,24.8,23
20.4,0,25.9,23
21.1,12.5,23.7,23
20.3,41,23.1,23
20.7,0,24.1,23
21.5,0,26.9,23
20.5,2,25.1,23
23,6.5,27,23
22.8,1,26.7,23
21.8,0.5,26.9,23
23.7,0,28.8,23
23.1,0,28.6,23
19.7,46,25.5,23
17,10.5,21.2,23
16.4,13.5,18.6,23
15.8,0.5,18.7,23
13.2,2.5,17.4,23
12.6,1,19.2,23
16.6,0,20.2,23
16.4,46,19.7,23
14.1,8.5,17.8,23
13.8,0,19.5,23
15.9,0,23.2,23
17.7,0,22.6,23
17.7,2.5,21,23
16.6,17,20.2,23
15.6,2,19,23
15.6,0,18,23
15.2,0,20.2,23
15.3,0,23.6,23
16.9,11,21.8,23
16.8,0,20.2,23
16.4,0,22.9,23
18.3,0,22.8,23
16.1,15,20.8,23
15.1,0.5,19.1,23
15.1,0,20.7,23
15.6,0,21.6,23
16.4,0,22.7,23
19,0,24.2,23
16.5,0,24.5,23
18.2,0,25.3,23
18.7,0,26.4,23
19.4,0,26.3,23
17.5,0.5,22.3,23
16.5,0,19.5,23
25.8,0,30.4,19
25.3,0,29.1,19
24.6,0,29.6,19
25.2,13.5,29.8,19
23.9,23.5,26.5,19
24,222,26.6,19
24.2,1.5,26.1,19
23.9,0,27.9,19
24.2,0,28.4,19
25.1,0,29.5,19
24.4,0,28.2,19
23.1,0,28.6,19
21.5,0,25.5,19
21.2,0,24.4,19
22.7,0,26.6,19
23.4,0,28,19
23.1,0,27.7,19
23,0,26.7,19
22.2,0,27.7,19
23.9,0,28.4,19
25,0,29.1,19
23.8,0,28.5,19
23,0,28.5,19
22.4,0,28.6,19
23.1,0.5,27.2,19
22.3,12.5,24.9,19
24.3,0,27.8,19
22.5,0,26.1,19
20.2,0,22.8,19
19,0,24.9,19
19.9,1.5,24,19
20.6,0,25.9,19
19.9,0,26.3,19
19.8,0,23.5,19
18.3,0,24.8,19
19.7,0,23.6,19
19.7,0,24.2,19
19.9,0,24.5,19
19.8,0,25,19
21.6,0,26,19
18.1,2.5,23.2,19
17.6,0,21.1,19
16.7,0,22.5,19
15.3,0,24.1,19
19.7,0,24.8,19
20.6,0.5,22.6,19
21,0,26,19
18.1,18.5,21.9,19
17.7,0,20.9,19
16.6,0,19.2,19
15.4,0,21.8,19
17.5,0,23.4,19
18.3,0.5,23.7,19
18.6,24,25.3,19
16.8,1.5,19.4,19
15.9,0,19.7,19
16.4,0,19.7,19
14.2,0,17.5,19
14.3,0,18.3,19
14.3,0.5,18.7,19
14.8,1.5,19.5,19
15.4,0,20.5,19
15.8,0,21,19
14.9,0,19.9,19
13.2,0,20.3,19
14.6,0,18.2,19
14.1,0,20.8,19
15.8,0,22.4,19
18.7,0,23.1,19
16,1,23.1,19
15.3,0,17.6,19
15.4,0,18.4,19
14.1,0,19.9,19
15.6,0,21,19
17.8,0,23.1,19
15.7,0,18.9,19
12.4,0,15.8,19
11.9,0,15.5,19
13.9,0,19.3,19
13.1,0,21.5,19
14.1,0,22.5,19
13.8,0,23.3,19
16.9,0,21.3,19
18.2,0,21.9,19
18.5,0,23.6,19
16.9,0,21.7,19
15.8,0,18.8,19
14.5,0,20.8,19
16.3,0,18.9,19
14,0,20.6,19
17.5,0,20.9,19
19.1,0,23.4,19
24.2,1,29.1,9
24.2,0,27.9,9
24.9,0,29.8,9
24.1,0,29.1,9
24.3,0,29.9,9
24.5,0,30.6,9
23.8,0,27.7,9
21.5,0,25.3,9
20.7,0,27.5,9
22.1,0,29,9
24.8,0,28.9,9
23.7,0,29.6,9
23.2,0,27.7,9
22.3,0,27,9
21.6,0,27.9,9
21.7,0,27.8,9
20.5,0,23.9,9
20,0.5,24.9,9
21.2,5,23.8,9
22.2,0,25.9,9
22.3,0,26.2,9
20.7,0,27.2,9
21.1,0,26.2,9
20.6,0,26.5,9
20.5,0,27.5,9
21.8,0,27.7,9
22.2,0,28.3,9
22,0,27.1,9
21.4,0.5,26.4,9
19,0,26.7,9
20.5,0,28.3,9
20.7,0,24.1,9
18.8,0,25.6,9
20.4,0,26.4,9
22.1,0,27.6,9
22.1,0,27.6,9
22.6,0,28.3,9
21.5,0,28.6,9
21.3,3,28.2,9
20.2,43.5,25.7,9
19.6,4.5,23.5,9
19.4,0,26,9
22.4,0,26.6,9
21.2,0,27.8,9
20.4,10,22.7,9
20,0,23.8,9
21.3,0,24.2,9
20.5,0,24.1,9
18.6,0,22.6,9
16.4,0,19.1,9
17,0,20.9,9
17.7,0,22.4,9
19.3,3.5,22.5,9
18,2,21.8,9
18.1,17,22,9
18.3,24.5,20,9
18.8,1,23.5,9
20.5,0,24.3,9
16.2,29.5,21.6,9
15.6,0,18.2,9
15.1,0,18.4,9
16,0,20,9
15.8,0,21.1,9
16.5,0,22.4,9
17,0,21.8,9
15.7,0,21.5,9
16.4,0,21.5,9
13.1,0,21.7,9
15.7,0,19.7,9
16.1,0,18.6,9
15.7,0,20.9,9
16.8,0,22.5,9
18.1,0,22.2,9
17,0,21.9,9
16.1,0,19.4,9
15.3,0,17.2,9
14.7,0,20.9,9
14.7,0,20.9,9
16.2,0,21.5,9
17.6,0,21.1,9
17.8,0,22.9,9
15.9,21.5,22.5,9
16.1,13,21.7,9
17.5,0.5,21.5,9
15.5,14,18.3,9
14.3,2.5,17.1,9
14.2,17,16.6,9
14.6,0,19,9
14.4,0,20.1,9
17.2,9.5,20.6,9
15.1,0,17.5,9
14.1,0,16.6,9
24.5,0,28.8,21
24.6,0,29.2,21
24.5,0,30,21
24.7,2.5,29.5,21
23.4,105.5,26.5,21
23.7,39,25.5,21
24,1,27.1,21
23.5,2,26.7,21
22.9,0,27,21
21.9,0,25.6,21
21.9,0.5,29.1,21
24.2,7,28.4,21
24.3,0,27.6,21
23.7,0,27.3,21
22.7,0,27.8,21
23,0,26.4,21
21.9,0,27.1,21
21.5,0,27.4,21
20.4,0,25.5,21
20.9,0,25.8,21
21.7,0,26.5,21
22.1,0,26.2,21
21.8,0,25.8,21
21.3,0,26.3,21
20,17,23.1,21
21.3,0,23.8,21
20.8,0,24.5,21
20,0,26.5,21
20.4,1.5,27.7,21
19.7,2,24.6,21
21.8,19.5,24.9,21
19,26.5,25.3,21
20.3,0,27.2,21
21.4,17,25.1,21
21.2,0,24.7,21
19.7,0,24.3,21
20,2.5,25.5,21
21.5,0,26.8,21
23.5,0,27,21
20.3,24.5,28.4,21
18.4,4,21.2,21
18.3,0,22.7,21
18.1,0,23.4,21
19.2,0,25.3,21
20.8,0,25.6,21
20.4,0,25.6,21
20.3,0,25.7,21
22.4,0,26.4,21
23.4,0,26.9,21
23,0,27.9,21
21,11,27.9,21
17.9,2.5,22,21
17.3,0,21.6,21
18.8,0,22.7,21
18.8,0,24.4,21
21.5,0,26,21
20.4,0,25.6,21
21.1,0,26.3,21
19.6,26,23.1,21
20.8,25,22.7,21
19.7,1,24.3,21
15,1,20.7,21
14.8,0,17.3,21
16.2,0,19.9,21
16.3,0,20.2,21
16.8,0,22.1,21
16.9,0,23.8,21
19.2,0,24.9,21
21.3,0,25.3,21
21.5,1,26.6,21
19.8,0.5,24.2,21
16.8,0,23.1,21
16.3,0,19.6,21
15.9,0,22,21
16.2,0,24.3,21
18.4,1,21.5,21
16.3,0,20.3,21
15.8,0,20.7,21
16.8,0,20,21
15.7,0,19.7,21
15.4,0,21.1,21
17.3,0.5,21.6,21
16.9,0,22.3,21
15.9,0,19.3,21
14.9,0,18.9,21
12.7,0,22,21
14.7,2,20.7,21
14.3,0,16.4,21
12.1,0,20.5,21
17,0.5,22.1,21
17.3,0,22.8,21
19.4,63.5,21.6,21
25.1,0,30.5,24
25.7,0,28.3,24
25,0,29.2,24
24.6,0,29,24
25.2,2,28.7,24
24.8,0,28.5,24
25,0,26.9,24
24.3,2,28.3,24
24.8,5.5,28.3,24
24.7,0,27,24
23.8,0,26.3,24
23.4,0,26.1,24
23.2,0,26.1,24
22.9,0,26.3,24
20.2,0,25.1,24
19.6,0,27.6,24
22.3,14,26.1,24
21.3,0,25.4,24
20.2,0,25.2,24
20.7,0,24.7,24
19.4,0,24.9,24
20.7,0,25.6,24
20.6,0,26,24
22.2,0,27.3,24
22.6,1,26.6,24
23,20.5,26.3,24
20.8,24.5,24.8,24
19.3,2.5,23.3,24
21.9,5.5,26.9,24
22,8.5,27.9,24
17.9,32.5,22.9,24
18.6,0,23.1,24
18.8,0,23.2,24
20.2,0,25.1,24
19.6,0,24.9,24
20.7,0,25.7,24
21,0,24.9,24
20.6,0,27,24
20.6,0,25.1,24
19.7,0,23.9,24
20.4,0,23.5,24
17.7,0.5,20.5,24
18.2,0,22.4,24
16.6,12,19.6,24
16.3,19,18.5,24
17.7,0,21.3,24
16.6,0,22.3,24
19.5,0,22.6,24
18.6,0,22.8,24
16.2,2.5,23.2,24
17.9,0,21.1,24
18.6,0,22.5,24
18.2,0,25.3,24
18.7,0,26.3,24
18.9,0,24,24
18.2,0,22.6,24
21.5,5.5,22.7,24
21.4,0,25,24
19.7,5.5,24,24
19.1,0,23.7,24
18.4,0,22.9,24
18.2,0,22.1,24
17.5,0,23.1,24
18.1,0,22.8,24
18.1,0,23.1,24
20.4,0,24.6,24
18.8,0,24.8,24
18.6,0,24.4,24
17.5,3,23.4,24
16.7,0,20.2,24
14.4,0,21.5,24
16.2,0,22.2,24
16.1,0,18.4,24
16.2,0,19.8,24
17.1,0,21.8,24
18.8,0,23.6,24
19.5,0,23.5,24
17.8,0,23.4,24
17.4,0,22,24
16.4,0,18.8,24
17,0,21.6,24
15.7,0,22.8,24
17.3,0,23.8,24
17.4,0,25.1,24
17.2,0,25.8,24
18.1,3,26,24
17.8,0,20.5,24
16.3,22,23.3,24
11.9,3.5,17.6,24
11.6,0,15.6,24
13.6,0,17.3,24
13,0,21.4,24
24.8,0,29.7,26
23.9,0,29.2,26
25.8,0,30.9,26
25.1,0,31,26
24.2,0,27.7,26
23.6,0,27.4,26
22.6,0,27.8,26
24.5,0,27.8,26
23,0,28,26
22.1,0,28,26
21.6,212,28.4,26
23.3,0.5,28.4,26
23.8,2.5,29.1,26
23.4,7.5,28.2,26
22.9,0,27.5,26
24.3,0,27.3,26
23.9,0,27.1,26
22.4,0,26,26
21.9,0,24.5,26
21.5,0,25.6,26
20.7,0,26,26
21.6,0,25.9,26
22.7,0,29.1,26
21.5,0,25.9,26
20.5,0,24.5,26
19.9,0,25.4,26
21.3,0,26.2,26
23.5,0,27.7,26
21,1.5,25.9,26
19.9,3,24.8,26
19,0,23.8,26
18.7,0,24.8,26
19.2,0,24.9,26
20.8,0,26,26
18.3,0,27,26
22.5,0,26.8,26
22.1,0,26.4,26
20.6,0,25.6,26
17.3,0,25.7,26
18.8,4,22.9,26
16.7,0,19.5,26
16.7,0,22.1,26
18.1,0,24.1,26
19.1,0,23.8,26
21.5,0,25.9,26
21,0,27,26
21.7,0,25.5,26
21.7,0,26.4,26
22.8,1,26.6,26
20.3,44.5,24,26
16.2,67,22.6,26
14.1,0,18.1,26
13.3,0,22.1,26
14.5,0,22.8,26
18.1,0,24.4,26
18.6,0,23.9,26
16.8,0,21.2,26
16.2,0,20.5,26
17.6,4,22.2,26
19.5,3,21.8,26
20.7,3,23.5,26
21.2,0,23.9,26
19,0,22.2,26
18.2,0,23,26
19.1,0,23.2,26
19.9,0,23.8,26
20.6,0,24.8,26
20.8,1,24.5,26
19.2,2,21.8,26
16.7,9,20.8,26
16.6,0.5,21.5,26
14.7,0,19,26
12.3,0,21.3,26
16.3,0,23.6,26
15.1,9.5,19.9,26
14.7,1.5,18.3,26
14.9,2.5,17.5,26
13.8,0,20.5,26
14.8,0,21.3,26
13.5,0,22.9,26
18.3,5.5,23.1,26
17.5,5,23.5,26
17.2,0,22.9,26
14.8,19,20.1,26
14.3,0,16.8,26
15.2,0,20,26
16.3,0,20.8,26
17.2,0,23.1,26
18.5,24,22.7,26
17.8,0,19.8,26
16.8,1,20.1,26
16.2,15,17.8,26
23.9,0,28.1,23
23,1,27.8,23
24.5,0,28,23
24.8,0,28.9,23
24.5,6.5,28.6,23
25.2,0,30.5,23
23.7,45,25.9,23
23.7,0,27.2,23
22.8,0,27.4,23
24.3,0,28.1,23
24.5,0,28.7,23
24.7,0,30.1,23
25.4,0,29.9,23
23.6,0,29.6,23
24.4,0,29,23
24,0,29,23
25.4,0,30.1,23
24.1,0,28.5,23
22.5,0,27,23
21.5,0,25.7,23
21.1,0,26.9,23
21.7,0,26.9,23
21.2,0,25.5,23
20.8,0,25.1,23
20.1,0,24.9,23
20.3,0,25.8,23
23.5,0,27.3,23
23.7,0.5,27.8,23
21.8,30.5,29.9,23
21.2,0,24.1,23
19.4,0,21.9,23
19.1,0,23.8,23
20.2,7.5,23.2,23
20.3,0,26.7,23
23.9,0.5,28.5,23
24.6,0,27.8,23
24,1,28.2,23
23.1,2.5,28.3,23
22.8,0.5,28.4,23
22.9,0,28.2,23
23.9,0,27.5,23
22.2,0,27.1,23
21.8,0.5,26.7,23
22.3,0,26.3,23
20.1,0,24.4,23
19.9,0,26.3,23
20.5,0,25.6,23
21.9,0,24.8,23
20.9,6.5,24.7,23
21.1,43.5,24.7,23
22.7,0.5,26.9,23
18.2,16,24.7,23
17.5,0,21,23
17.4,1,22.5,23
17.1,0,19,23
18.1,16,21.1,23
20.2,42.5,21.5,23
19.2,4.5,23.3,23
19.8,0,24,23
21.1,0,24.9,23
22.1,0,26.4,23
22.2,1.5,24.5,23
21.3,0,26.7,23
19.8,1,27.8,23
18,0,19.8,23
17.9,0,21,23
17.1,0,21,23
16.9,0,21.5,23
16.8,0,22.6,23
17.5,0,23.4,23
16.8,0.5,25.9,23
17.1,0,20.6,23
16.3,0,22.5,23
19,0,25.4,23
17.4,1,22.4,23
17.3,0,18.4,23
17.3,0,19.1,23
16,0,17.6,23
15.7,0,18.5,23
15.3,16.5,19.3,23
17.4,1,21.8,23
14.4,2.5,18.3,23
13.8,0,16.5,23
14.4,0,18.2,23
12.7,0,19.7,23
13.5,0,19.1,23
12.9,0,20.3,23
14.9,0,17.3,23
16.1,0,20,23
17.1,0,20.8,23
18.5,1,22.8,23
15.3,0,20.8,23
21.5,0,27.6,20
21.1,0,28.3,20
21.4,0,28.5,20
20.6,0,28.7,20
21.9,0,28.6,20
21.7,0,28.9,20
23.7,0,28.9,20
22.1,69,26.3,20
23.7,25.5,27.5,20
25.6,3,29.1,20
22.9,45.5,29.1,20
23.8,8,28,20
23.1,2,27,20
23.1,1,28.3,20
23.5,1,29.1,20
24.4,0,30.1,20
23.7,0,28.5,20
23.2,0,27.6,20
22.7,0,26.5,20
23.5,0,27.3,20
20.5,2,23.5,20
20.7,0,24.7,20
20.7,0,24.7,20
20.7,0,25.5,20
23,6,28.3,20
21.1,34,25.3,20
20.7,3.5,26,20
22.7,0,26.5,20
21.8,0,24.7,20
21.1,0,23.7,20
20.2,0,24.1,20
20,0,24.9,20
20.1,0,25.3,20
20.4,0,24.8,20
20.4,0,25.7,20
19.8,2.5,24,20
21.6,0,25.5,20
21.1,0,25.1,20
19.8,0,25.3,20
20.6,6,26.1,20
20.9,4.5,27.6,20
20.8,34.5,26.3,20
21.3,5.5,26.8,20
22.2,1.5,27.7,20
22.8,0,26.9,20
22,0,27.4,20
22.1,0,26.9,20
20.4,0,27.3,20
20.4,0,25.1,20
21.4,0,25.8,20
19.8,0,24.6,20
19.4,0,24.4,20
18.9,0,24.2,20
18.5,0,23,20
18.5,0,23.8,20
17.6,0,24.3,20
19.1,0,23.1,20
18.8,0,22.3,20
20.8,10,23.9,20
21.4,0,24.9,20
19.5,0,24.1,20
19,0,24,20
19.3,0,24.9,20
18.6,0,22.6,20
17.6,0,20.7,20
16.7,0,21.7,20
16.3,0,22.3,20
19.6,0,24.2,20
21,0,26.2,20
21.5,0,26,20
21.1,1.5,24.1,20
22,0,26.1,20
22.1,3,26.1,20
18.2,6,23.5,20
17.9,0,21.8,20
17.9,30.5,20.5,20
16.4,0,19.1,20
15.5,0,20.4,20
17.9,0,22.5,20
16.8,0,20.9,20
17.9,0,22.8,20
16,0,23.9,20
16.1,0,21.1,20
14.2,0,22.3,20
15.2,0,23.1,20
19.1,0,24,20
19.8,0,23.9,20
19,0,24.5,20
18.8,0,21.8,20
16.4,16,18.8,20
16.7,4,21.7,20
16.5,2,21.6,20
25.5,1,31.1,8
25.4,0,31.4,8
25.5,8.5,30.3,8
25.4,0,30.9,8
25.5,0,31.2,8
25.6,1,30.4,8
25.3,0,28.9,8
25,0,30.3,8
24,0,28.2,8
24,0,29.1,8
24.8,0,29.6,8
24.7,0,29.4,8
24.3,0,29.6,8
24.4,0.5,29.5,8
21.9,3.5,29.5,8
24.6,0,29.1,8
23,0,27.8,8
23.6,18,29.5,8
24.3,53,27.4,8
24.4,3,29.6,8
25.1,0,30,8
23.8,0,26.9,8
21.8,0,28.4,8
22.6,8,27.3,8
22,0.5,26.1,8
21.4,0,27.2,8
23.7,0,26.2,8
23.8,3.5,28.1,8
24,1,29.2,8
23.8,10,29,8
22.2,17,24.8,8
19.3,0,23.6,8
19,0,23.3,8
18.6,0,23.9,8
19.8,0,25.2,8
22.9,0,26.4,8
24.2,0,26.3,8
22,106.5,28.1,8
20,0,22.4,8
17.4,0,22.7,8
15.5,0,24.8,8
19.7,0,22.7,8
19.1,0,23.9,8
19.9,0,25.5,8
19.3,1.5,26.7,8
18.9,0,23.3,8
20.1,1.5,21.9,8
20.1,0,25.9,8
20,0,25.5,8
21.8,0,25.4,8
18.7,15,22.1,8
18.3,0,21.6,8
18.4,19.5,23.7,8
18.6,4.5,22.7,8
14.8,0,18.6,8
15,0,19.9,8
12.9,0,21.5,8
15.1,0,22.5,8
18.5,0,22.8,8
18.6,0,21.5,8
16.9,0,21.1,8
18,0,20.9,8
17.8,0,20.4,8
16.1,0,20.1,8
16.7,0,20,8
16.1,0,19,8
15.6,0,18.4,8
15.1,0,18.4,8
15,0,17.7,8
14.7,0,19.8,8
14.5,0,21.7,8
15.7,2,23.4,8
16.5,4,22,8
16.3,0,23.1,8
15.5,0,24.3,8
19.3,9.5,23,8
18.1,0,22.7,8
17.5,8,21.7,8
17.3,0,21.5,8
16.9,0,18.6,8
16.8,0,20.4,8
14.9,0,19.9,8
15.9,0,20.8,8
17.2,0,22.5,8
15.5,2,19.3,8
14.9,0,17.5,8
12.9,0,16.9,8
12.9,0,17.6,8
13.7,0,20.1,8
15.2,0,17.4,8
14.4,0,16.9,8
13.4,2.5,18.3,8
24.5,0.5,28,25
23.5,0,27.9,25
21.4,0,27.8,25
24.3,0,27.8,25
19.8,0,27.1,25
21,0,28.1,25
20.9,0,29.2,25
22,0,29.2,25
23.6,0,26.6,25
23.3,0,27.7,25
24,0,29.2,25
24.3,2.5,28.2,25
24.8,3.5,29.7,25
23.6,23.5,28.6,25
22.9,0,26.7,25
21.7,0,26.3,25
21,0,25.4,25
23.2,0,26.7,25
23.1,0,25.6,25
21.9,0.5,24.1,25
21,16.5,24,25
20.6,17,22.5,25
21.7,56.5,25.4,25
22.4,0.5,26.7,25
22.1,0,28.5,25
21.7,0,26.1,25
20.9,0,26.1,25
22.9,0,27.6,25
23.5,0,28.7,25
23.4,0,29.3,25
23.7,0,29.3,25
23.4,0,28.8,25
22.9,0,29.2,25
24,0,27.7,25
24.6,0,27,25
23.9,0,28.6,25
23.1,0,28.4,25
23.6,2,27.5,25
23.7,1,27.8,25
24.7,0,27.7,25
24.3,0,28.2,25
22.2,8,29.1,25
21.6,2,24.6,25
20.5,3,23.1,25
21.3,0,25.2,25
20,4.5,21.9,25
19,0.5,24,25
20.1,9.5,25.8,25
19.3,0.5,22.1,25
18.6,0,22.8,25
18.9,0,23.3,25
19.6,0,24.9,25
20.7,1,23.6,25
21.3,0,24.4,25
20.9,0,24.5,25
21.1,0,26.4,25
21.5,0,26.7,25
20.7,2,24.6,25
18,0,22.3,25
16.7,5.5,25,25
16.4,0,20.6,25
13.9,0,16.9,25
13.8,0,19.3,25
16.2,0,22.2,25
19.3,0,24,25
16.4,19.5,23.8,25
14.9,0,17.2,25
14.6,0,16.5,25
13.2,0,19.5,25
14.3,0.5,21.6,25
17.2,1,22.6,25
15.8,0,20.1,25
13.7,0,21.3,25
15.3,18.5,18.6,25
14.6,0.5,22,25
16.8,0,23.2,25
19.9,1.5,24,25
17.8,18.5,23.8,25
16.3,0,20.5,25
15.3,0,19,25
14,0,19.8,25
12.3,0,20.5,25
13.8,0,20.9,25
14.5,0,18.5,25
12.1,0,20.5,25
12,0,21.1,25
13.7,0,21.5,25
15.3,0,23.2,25
16.1,0,21.6,25
13.1,0,21.2,25
14.1,0,22.9,25
14.9,0,23.4,25
21.9,27.5,27.4,20
23.9,23,29,20
24.8,0,28.8,20
24.6,0,28.3,20
24.4,0,27.8,20
21.9,2,26.3,20
21.1,0,26.1,20
22,0,26.8,20
22,0,26.9,20
21.8,0,25.8,20
19.8,1,24.2,20
21.5,0,27.8,20
20.5,0,27.9,20
21.7,0.5,27.9,20
22.2,5,27.1,20
22.8,2,27,20
22.7,0,26.7,20
21.8,0,27.9,20
23.8,0,28.2,20
23.4,0,27.9,20
24.1,0,28.6,20
24.8,0,28.6,20
24.5,0.5,27.8,20
24.3,0,27.5,20
22.7,0,27,20
21.5,0,26.1,20
21.4,0,23.9,20
20.7,0,24.1,20
21.3,0,24.9,20
18.5,15.5,21.9,20
18.7,0,21.5,20
17.9,0,22.8,20
19.2,0,24.6,20
18.8,0,25.9,20
19.8,0,26.2,20
20.4,0,23,20
20.3,0,24.1,20
20.2,0,24.1,20
19.4,0,24.5,20
19.7,0,25.3,20
20.3,2,25.9,20
21,8,25.9,20
22,0,27.6,20
21.4,0,26.8,20
21.1,0,27.7,20
21.8,0,28.3,20
21.6,66.5,28.3,20
19.4,19.5,22,20
18.6,0,20.7,20
17.5,0,23.3,20
19.3,1,25.1,20
20.5,0,26.6,20
21.6,5.5,24.2,20
20.1,0,25,20
18.8,1,24.4,20
22.1,17,26.5,20
20.8,25,25.2,20
20.1,1,24.4,20
22.9,4.5,27.1,20
22.4,9.5,26.8,20
20,1,23.1,20
18.3,6.5,22.4,20
16.6,4.5,18.8,20
15.5,0,20.1,20
17,0,22.3,20
20.8,0,23.9,20
21.2,0,24.9,20
19,15.5,24.1,20
16.1,22.5,21.6,20
14.7,15.5,18.3,20
14.3,1.5,17.7,20
14,0,17,20
14.8,0,16.9,20
14.6,1,20.1,20
16.4,0,23.4,20
15.5,0,24,20
19,0,26.1,20
19.8,4.5,23.9,20
17.8,0,21.6,20
15.1,0,24.7,20
19.7,0,25.6,20
20.8,0,25.3,20
19.8,28,25,20
18.5,8.5,23.4,20
16.6,0.5,21.1,20
16.6,0,21.3,20
15.6,0,21.6,20
16.4,0,22.5,20
16.7,0,23.1,20
16.6,0,24.7,20
18.6,12.5,23.1,20
16.6,0,21.2,20
26.3,0,29.5,16
24.5,0,29.6,16
25.8,0,31.5,16
24.7,155,29.3,16
23.4,243,26.3,16
24.8,1,31.3,16
25.1,5.5,30.7,16
25,5,29.8,16
25.8,0,29.8,16
25.1,0,30.1,16
23.7,63,27.8,16
26.4,0,30.3,16
24.9,0,30.6,16
26.7,0,29.1,16
23.8,14.5,29,16
25.5,14.5,31,16
24.9,0,29,16
24.4,0,27.4,16
23.8,0,27.6,16
23.8,0,26.5,16
24.5,0,29.2,16
24,7,27.6,16
24.6,8,29.9,16
24.1,4,27,16
22.7,6,28.7,16
24.4,86,27.9,16
24.2,11.5,30.9,16
24.9,2.5,30.5,16
26,0,29.6,16
24.1,0,30,16
22.8,62.5,28.6,16
23.9,3,26,16
21.9,16,26.3,16
22.7,0,27.6,16
22.4,43.5,25.3,16
22,78,26.6,16
23.6,2.5,28.1,16
23.2,0.5,27.1,16
21.1,0,25.9,16
20.9,1.5,26.5,16
20.3,0,25.8,16
19.6,0,24.3,16
19.1,0,25.2,16
19.1,0,27.1,16
22.7,0,26.5,16
24.4,0,28.8,16
22.8,0,29.6,16
20.8,8.5,26.1,16
18.5,0,21.3,16
17.4,2,19.7,16
19.4,0,21.6,16
19.4,0,24.3,16
18.6,0,20.8,16
19.5,0,23.2,16
20.4,0,24.8,16
20.3,0,25,16
21,0,25.9,16
21.4,2,24.8,16
20.8,2.5,25,16
18.8,0,25.4,16
19.9,4,26.4,16
20.9,0,26.2,16
19.9,1.5,25.3,16
20,12,26.4,16
19.4,1,24.6,16
19.6,3,24.5,16
19.5,0,23.6,16
18.6,0,24.2,16
16.2,6.5,19.5,16
17.7,0,20.9,16
17.3,0,21.1,16
17.9,0,20.3,16
18,0,22.7,16
19.1,0,24.7,16
16.4,29.5,22.4,16
15.8,3.5,19.6,16
15.7,2,22.4,16
19,0,23.1,16
18.5,0,24.6,16
20.1,1.5,23.2,16
18.4,47,21.1,16
18.9,37,20.6,16
20,6.5,22.8,16
20.1,19,22.2,16
18,0,21.5,16
16.1,0,22.2,16
17,0.5,20.9,16
16.2,0,21.3,16
17.1,0,21.5,16
14.9,0,22.2,16
16.7,0,22.1,16
14.7,2.5,22.8,16
25.5,2.5,31.2,32
26.2,0,32,32
25.3,6.5,29.7,32
25,0,28.5,32
25.4,2,31.2,32
26.4,0,31,32
25.8,0,30.8,32
24.6,0,30.5,32
25.4,0,31.4,32
26.2,0,31.5,32
25.8,51,29.5,32
24.9,0,30,32
25.7,0,31,32
24.9,0,31.4,32
26.1,0,31.2,32
25.2,0,31,32
22.6,0,25.3,32
22.9,0,25.2,32
23.2,1.5,27.5,32
23.9,0,27.4,32
22.9,0,27.6,32
20.8,0,26.8,32
23.6,0,26.9,32
23.5,0,27.1,32
23.3,0,28.2,32
20.4,0,27.2,32
21.7,4,26.3,32
19.7,0,27.5,32
20.9,0,28.1,32
23.8,0,28,32
25.4,0,28.7,32
23.3,1,27.4,32
21,0,23.7,32
20.6,0,24.2,32
20.1,0,25.6,32
19.8,0,25.4,32
21.6,0,27.5,32
22.4,0,28,32
21.7,0,26.6,32
21.5,0,25.8,32
20.9,0,25.4,32
18.3,0,26.8,32
19.6,0.5,27.1,32
22,0,24.8,32
23,2.5,27.2,32
21.3,1.5,26.4,32
20.5,0,22.8,32
19.9,0,23.5,32
19.2,0,22.7,32
19.3,6.5,25.8,32
20.2,0,26.4,32
20.9,0,26,32
22.9,0,27.2,32
22.4,0,27.3,32
21.6,0,26.1,32
18.7,0,26.6,32
19,0,22.8,32
20,0,24.6,32
18,39.5,23.4,32
16.9,2,20.9,32
16.5,13,20.3,32
19.5,79.5,23.5,32
19.4,8,22.9,32
18.5,0,23.4,32
21.2,0,24.4,32
21.1,0,26.6,32
17.6,1.5,22,32
17.2,0,20.3,32
16.7,0,21.8,32
16.9,0,23.2,32
17.6,0,24.1,32
17.4,0,22.7,32
17.6,0,21.1,32
17.8,0,20.9,32
18.4,0,22.1,32
16.5,0,19.5,32
17.3,2,22.2,32
17.9,34.5,21.5,32
16.3,0,18.1,32
13.4,11,16.5,32
12.2,3,15,32
11.9,0.5,15.6,32
10.4,4.5,13.8,32
10.7,1,16.8,32
11,1.5,18.1,32
14.4,0,18,32
14.3,0,19.2,32
15.7,0,20.1,32
14.1,0,22.2,32
17.9,2,22.9,32
18.1,9.5,21.8,32
19.2,0,23.8,32
23,0,29.6,18
24,0,29.5,18
25.7,0,29.4,18
23.8,38,27.4,18
23.9,2,27.5,18
23.9,0,30.1,18
24.3,0,30.6,18
24.8,0,29.9,18
24.7,0,29,18
23.4,0,28.8,18
23,0,28.8,18
22,0,28.9,18
23.8,0,28.8,18
23.3,0,28.3,18
23.8,0,28.7,18
24.5,5.5,29.1,18
23.6,10.5,30.8,18
24.7,0,28.4,18
24.5,0,28.6,18
23.6,0,28.9,18
24,0,28.6,18
23.7,0,29.1,18
25.7,0,29.7,18
24.9,4,30,18
27,0.5,30.5,18
24.5,16.5,27.3,18
25.7,0,28.9,18
24.9,0,30.4,18
23,9,29.4,18
21.9,0,25.5,18
23.7,9,29.3,18
25.3,18,29.8,18
23.6,0,26.5,18
23.3,0,26.3,18
23.6,2,26.2,18
21.8,18,26.6,18
21.8,4,25.7,18
24.3,0,28.7,18
24.4,0,27.6,18
21.9,210.5,24.7,18
23.3,0,26.8,18
21.9,0,25.7,18
21.3,0,25.5,18
22.2,3,25.3,18
22.4,6,25.6,18
23.2,0,29.5,18
24,1,29,18
21.8,1.5,25,18
20.8,0,23.2,18
21.6,0,26.2,18
20,28,27.2,18
19.1,0.5,21.5,18
19.3,0,23,18
18.9,0,23.5,18
19.9,0,26.3,18
22.1,0,27,18
20.2,0,25.9,18
20.2,0,25.1,18
19.4,0,23.3,18
17.8,0,22.2,18
17.3,0,24.1,18
18.2,0,26.1,18
21,0,24.3,18
21.1,0.5,23.7,18
19.3,0,23.1,18
17.9,0,22,18
16.9,0,22.8,18
18.3,0,24,18
18.1,0,23.6,18
17.3,0,25.4,18
17.4,0,24.3,18
17.9,0,22.3,18
15.6,1,18.2,18
15.8,1.5,20.3,18
17.2,141.5,21.5,18
16.8,0,23.2,18
17.7,0,24.4,18
21.7,1.5,24.9,18
20.2,12.5,22.5,18
19.5,0,23.9,18
19.3,34.5,25.9,18
18,0.5,20.6,18
17.2,0,22.5,18
17.5,0.5,20.8,18
14.9,0,20.9,18
13.9,0,21.5,18
15.4,0,19.7,18
14.1,0,20.5,18
16.4,0,21.5,18
17.7,0,22.7,18
16,55,21.1,18
15.8,11,18.8,18
25,0.5,27.9,17
22.2,0,27.9,17
21.9,0,29.2,17
23.7,0,29.1,17
24.4,0,29.6,17
24.6,0,28.6,17
24.3,0.5,28.4,17
25,0,29.3,17
24.5,0,29.2,17
23.9,0,27.8,17
22.8,0,27.5,17
23.4,0,28,17
23.3,0,27.7,17
24,0,28.5,17
25.2,1.5,28.7,17
25.7,24.5,28.2,17
24.8,2,27.5,17
23.3,0,26.9,17
21.7,0,26.5,17
21.8,2,29.1,17
24,21,28.5,17
24.8,3,29.3,17
24.3,0,27.5,17
22.2,0,28.5,17
23.8,0,28.1,17
22.8,0,28.5,17
23.7,0,28.8,17
22.1,0,28.1,17
22.9,0,26.3,17
22.3,0,24.7,17
21.6,0,25,17
21.4,0,28.7,17
22.7,0,28.3,17
23.6,0,28.6,17
22.3,0,26.3,17
23.7,0,28.6,17
20,0.5,24.8,17
19.5,0,23.6,17
20.5,0,26.8,17
21.7,0,26.3,17
20.2,0,24.9,17
18.9,0,23.3,17
19.2,0,23,17
18.4,0,24.1,17
19.3,2.5,22,17
19.1,0,22.6,17
18.7,0.5,22.1,17
18.4,0,22.1,17
19,0,22.5,17
17.4,0,22.6,17
16.5,0,23.8,17
16.4,0,24.1,17
19.4,0,24.3,17
20.7,0,24.5,17
21.1,0,26.1,17
20.6,0,23.9,17
18.5,0,23,17
16.1,0,21.5,17
15,0,22.9,17
18.1,0,25.4,17
21,0,25.2,17
20.6,0,24.3,17
20.2,32,24.3,17
20.3,0,26.3,17
20.5,5,24,17
20.4,0,26.2,17
19.7,0,24.9,17
18.7,0,22.2,17
19.5,0,23.4,17
20.7,0,24.5,17
20.9,0,24.9,17
20.5,0,23.7,17
20.7,0.5,23,17
16.6,4.5,23.3,17
16.3,0,18,17
15.3,0,19.3,17
15.5,0,22.3,17
20,0.5,24.9,17
18.1,57.5,22.7,17
17.9,0.5,21.1,17
17.9,0,22.4,17
15.1,15.5,20.1,17
13.6,0.5,16.9,17
13.7,0.5,18,17
13.7,0,18,17
12.8,0,16.1,17
14.6,1,18.6,17
14.1,4,18.4,17
15.7,0,18.8,17
14.7,0,18.1,17
13.1,0,17.4,17
11.3,0,19.4,17
25,0,28.6,15
23.1,0.5,28.3,15
23.5,0,29.7,15
23.8,0,30.2,15
25.1,0,30.7,15
25.5,0,31,15
24,0,26.4,15
20.8,25.5,24.3,15
20.4,5,23.1,15
22.3,1,27.9,15
25,0,28.6,15
24.4,0,29.2,15
23.4,0,29.6,15
22.4,2.5,27.9,15
21.4,1.5,28,15
22,28,28.6,15
22.5,0,28.4,15
23.2,23.5,29.1,15
22.5,28,27.2,15
23.4,0,28.3,15
23.5,0.5,26.8,15
23.2,0,27.1,15
21.1,1,25,15
20,67.5,24.5,15
21.2,1.5,23.9,15
22.2,0,25.3,15
20.5,0,23.9,15
19.5,0,24.7,15
21.6,0,25.8,15
22.3,0,25,15
23.8,15,27.2,15
21.5,0.5,26,15
20.4,0,22.4,15
19.1,0,22,15
17.7,0,20.7,15
17.2,0,23.1,15
18.5,0,23.7,15
20.5,0,25.4,15
19.4,0,25.1,15
17,0,20.6,15
14.1,0,22.9,15
16.4,0,25.7,15
19.9,2,25.3,15
19.7,0,24.7,15
22.3,0,26.7,15
21.5,4.5,25.2,15
20.4,0.5,23.7,15
20.3,0,23.2,15
19.2,0,23.4,15
16.3,4.5,21.5,15
21.3,0,24.3,15
22.2,12.5,25.7,15
21.3,0,23.6,15
21.2,0,24.2,15
19.1,2,23.1,15
17.4,0,20.6,15
17,0,19.6,15
14.8,0,19.5,15
14.4,0,21.6,15
17.5,0,23.3,15
19.4,2,24.7,15
16.7,0,22.8,15
16.8,0,24.2,15
20.1,0,25.2,15
21.7,2,26,15
21,1.5,26,15
20.2,3,26.1,15
21.2,2.5,26.3,15
17.7,0,22.9,15
15.4,0,18.3,15
14.6,0,17.2,15
14.7,0,19.7,15
15.9,13,20.2,15
16.1,0,20.3,15
16.4,0,21,15
18.9,0.5,23,15
17.2,0,24.9,15
17.9,0,22.4,15
17.2,0,24.4,15
18.3,50,23.2,15
19.5,27,22.9,15
18.1,21.5,22.1,15
19.4,0,22.8,15
17.6,0,23,15
19.2,0,21.3,15
15.8,0,21.1,15
14.4,0,16.5,15
12.5,16,15.4,15
13.8,0,18.3,15
14.7,0,19.8,15
15.8,6.5,20.2,15
15.2,15,18.5,15
23.4,0,30.3,21
24.1,0,29.9,21
24.4,0,29.9,21
24.7,0,27.5,21
23.9,0.5,29.3,21
24.5,7,29.8,21
24,84,27.2,21
24.2,3.5,29.8,21
23,64.5,26.6,21
20.4,5.5,28.8,21
24.5,3.5,28,21
24.4,0,29.1,21
22.7,0,29.4,21
24.2,2.5,28.8,21
22,6.5,25.9,21
21.2,0,26,21
21.8,0,26.3,21
21.9,0,26.8,21
21.6,0,26.8,21
21.9,0,27.2,21
22.1,0,27,21
22.2,0,26.5,21
21.1,0,25.2,21
21.2,0,24.9,21
21.1,0,25.2,21
19.1,0,25.6,21
18.2,0,27,21
19.6,0,26.8,21
21.9,0,24.9,21
20.3,0,24.9,21
20,0,27.6,21
23.5,0,28.6,21
25.4,2,29.7,21
23.8,6,28.7,21
22.1,6.5,27.5,21
23.9,1,29.2,21
23.6,0.5,27.8,21
23,0,28.7,21
24.2,1,29.3,21
22.2,33.5,26.4,21
23.3,8.5,28.6,21
21.8,2,24.3,21
21.2,0,22.5,21
19.9,0,23.9,21
20.4,0,25.8,21
22.9,0,26.5,21
22.5,2,25,21
22.3,1.5,24.6,21
22.6,17,26.4,21
24.5,0,28.1,21
23.7,0,27.8,21
19.1,8.5,26.3,21
16.8,28.5,19.6,21
17.1,1,22.7,21
21.5,0,25.8,21
22.1,0,25.8,21
21.3,0,25.9,21
20.7,0,27,21
22,0,24.9,21
20.9,0,23.1,21
19.9,0.5,21.7,21
19.3,0,22.8,21
19.5,0,23.2,21
19.1,0,23.2,21
16.6,0,24.7,21
19.6,3,25.7,21
18.8,25,23.3,21
17.4,0,21.8,21
17.3,0,21.1,21
17.9,0,23,21
19.7,0.5,23.9,21
19.3,17,25.7,21
17.3,0,20,21
14.8,1.5,19.1,21
14.4,1,19,21
16.1,0,20,21
16.5,0,19.7,21
14.6,0,20.2,21
14.5,0,19.9,21
13.4,0,17.9,21
14,0,16.4,21
14.7,0,18.3,21
14.2,0,20.8,21
13.5,0,21.3,21
12.8,0,22.2,21
14.7,0,23.2,21
15.2,12,19.1,21
14.1,0,16.3,21
14.7,0,19.2,21
14.8,0,21.8,21
13.6,0,23.8,21
16.6,0,23.6,21
22.3,0,29.8,17
23.6,0.5,28.2,17
23.1,0.5,25.9,17
23,3,27.6,17
24.6,0,28,17
23.9,0,27.9,17
24,4.5,29,17
24.3,12,27.5,17
23.8,0,26.3,17
24,0,26.9,17
23.2,0,27,17
24.4,0,27.2,17
22.8,0,26.3,17
22.2,0,25.7,17
20.7,0,26,17
22.2,0,26.2,17
23.3,4,27.9,17
24.1,7.5,27.3,17
24.9,116.5,26.8,17
22.3,0.5,27.1,17
22.8,0,27.2,17
21.2,0,26.1,17
21.9,0,26.9,17
23.1,1.5,27.6,17
25.6,0,28.8,17
22.8,1,28.4,17
21.4,0,23.7,17
21,0,25.4,17
22,0,26.7,17
21.4,0,26.9,17
23.5,0,27.1,17
21.1,0,27.2,17
21.2,0.5,25.3,17
19.3,0,24.8,17
19.4,0,26,17
18,0,26.4,17
19.7,0,26.4,17
21.2,0,27.1,17
21.4,0.5,27.5,17
22.9,0,27.3,17
23.9,0,28.9,17
22,0,28.5,17
22.2,0,27.3,17
21.8,0,26.2,17
21.3,0,28,17
21.9,0,25.9,17
19.7,0,23.4,17
19.4,8.5,23.4,17
19.6,57,21.5,17
19.9,2,23.8,17
16.6,0,23.4,17
18.8,0,23.6,17
19.1,0,23.7,17
19.8,0,25.8,17
22,0,25.4,17
22.2,0,25.7,17
21.9,0,26.4,17
19.8,0,22.1,17
18.3,0,23.3,17
18.3,0,23.1,17
17.7,0,23.2,17
20,0,24.4,17
21.9,0,26,17
21.9,9.5,23.5,17
21.2,4.5,27,17
17.8,0,22.1,17
17.2,0,22.3,17
16.2,0,23.3,17
18.8,0,23.4,17
19.2,0,24.6,17
18.8,0.5,24.5,17
19.9,0.5,24.8,17
20.3,24.5,24.2,17
19.4,0,23.4,17
17.8,0,23.5,17
18.3,0,24.5,17
18.3,0,24,17
18.5,0,24,17
17.4,0,25.3,17
20.6,0,24,17
19.8,4.5,22.1,17
18.8,0,21.4,17
16.2,0,21.4,17
14.3,0,22.5,17
17.7,0,20,17
15.9,1,19.6,17
15.8,0,21.2,17
15.9,4,19.2,17
16.2,12.5,21.3,17
14.6,0.5,19.2,17
14.9,0,20,17
12.8,8,20.8,17
27.4,0.5,30.8,19
27.3,0,31.2,19
26.6,0,31.9,19
26.5,0,32.1,19
26,0,32.1,19
26.1,5.5,31.7,19
25.7,2,31.5,19
25.2,0,29.9,19
25.8,2,31.9,19
25.2,0,30.5,19
26.3,6,30.8,19
26.1,0.5,31.2,19
25.9,0,30.5,19
25.6,3.5,32,19
25.2,11,28.1,19
24.7,0,27.7,19
24.5,0,27.2,19
23.5,0,28.4,19
23.3,0,29,19
23.9,0,29.6,19
22.7,1,29.5,19
22.3,0,26.2,19
20.3,0,26,19
21,0,24.9,19
22.6,2,27.4,19
23.1,6,29.2,19
22.3,0,29.8,19
23.7,0,30.1,19
22.1,16,29.6,19
18.6,3.5,22.9,19
18.8,0.5,25,19
18.3,0,26,19
19.3,0,26.9,19
21.2,0,28.8,19
22,0,29.1,19
23.5,0,28.9,19
24.1,0,28.7,19
23.8,0,27.2,19
23,0,26.2,19
24.1,0,27.2,19
23.6,13.5,27.8,19
23.8,0,28.8,19
24.2,0,26.6,19
23.6,5,27.9,19
23.4,7,27.8,19
22.2,0,26.9,19
20,0,23.6,19
18.7,0,23.6,19
19.2,0,21.6,19
19.5,0,22.4,19
17.7,9,20.2,19
18.3,0.5,21.5,19
19.9,0,21.9,19
19.1,1.5,23,19
19.5,0,24.1,19
17.5,0,23.3,19
17.5,7,26,19
18.5,0,23.8,19
19.1,0,25.7,19
18.4,4.5,23.7,19
16.7,0,21.7,19
15,0,24.2,19
19.2,0,26.1,19
19.7,0,24.4,19
14.9,11.5,23.3,19
14.4,0,16.5,19
13.4,3,18.1,19
14.4,0,19.7,19
13.8,0,19.9,19
16.7,0,22.4,19
18.8,34,23.9,19
17.6,1,23.1,19
15.2,3.5,17.7,19
15.1,0,17.5,19
14.4,0,17.4,19
13.9,0,16.3,19
14,0,16.3,19
13.4,0,16.8,19
12.1,0,15.7,19
12,0,18.6,19
12.3,0,21.7,19
11.7,1.5,17.5,19
10,0,12.6,19
12.4,0,16.5,19
13.1,0,19.4,19
14.4,0,20.4,19
16.9,0,18.7,19
16.1,0,17.8,19
15.5,0,19.7,19
16.7,11,19.7,19
17.8,3.5,21.7,19
16.5,42.5,19.3,19
25,15.5,32,13
26.6,0,31.9,13
25.5,3.5,29.2,13
25.2,1,30.5,13
26.1,0,28.6,13
25.1,0,28.2,13
24.6,0,28.1,13
23,0,28.3,13
23.8,0,29.3,13
25,0,29.9,13
24.1,0,29.6,13
24,0,28.7,13
24.9,0,29.1,13
24,0,29.1,13
24.8,0,29.2,13
22.8,0,29.3,13
22.5,0,29,13
23.4,1.5,29.4,13
23.2,0,29.3,13
23.6,8,29.2,13
25.1,0,30,13
24.4,0,28.9,13
23.3,0,28.7,13
23.6,0,27.7,13
22.8,0,28.9,13
22.2,0,29.1,13
22,4,26.5,13
23.2,0,29,13
24.1,1,26.8,13
23.5,1,26.1,13
23.9,3.5,27.2,13
22.8,7.5,25.3,13
22,0,25.8,13
22.9,0,27.2,13
21.2,0,26.2,13
20.1,0,27.2,13
20.2,0,26.5,13
20.4,0,24.1,13
19.2,0,25.9,13
19.2,0,27.1,13
22.4,0,27.7,13
21.9,0,26.1,13
18.8,0,23.2,13
17.9,0,25.3,13
20.2,2,27.4,13
20.3,0,23.5,13
18.3,4.5,23.9,13
17.7,6.5,24.9,13
23.1,17.5,27.1,13
22.5,1,26.1,13
22.8,0,25.3,13
19.5,12.5,25.5,13
20.2,47,25.3,13
21.4,3,26.3,13
21,0,26.1,13
19.9,0,27.1,13
21.8,0,28,13
22,4,27,13
20,0,22.9,13
17.6,10,21.2,13
18.9,1,24.2,13
20,0,23.9,13
19,0,22.3,13
17.5,0,21.1,13
18.2,0,21.5,13
18.4,0,24.9,13
20.9,0,25.3,13
21.3,46,25.1,13
21.3,0,24.9,13
19.4,0,23.6,13
18.6,0,21.1,13
17.6,0,21.6,13
16.2,0,24.7,13
21.8,0,26,13
18.1,15,22.9,13
18.7,0.5,21.9,13
15.2,16.5,21.3,13
14.4,3.5,17.3,13
14.5,0,18.7,13
17,0,20.2,13
19,0,23.3,13
16.2,23.5,20.7,13
16.2,4,20.1,13
16.9,0,21.7,13
16.4,0.5,22,13
16.6,31,23.2,13
18.7,0.5,23,13
18.7,0,22,13
15.8,0,20.1,13
14.5,0,17.1,13
14.5,0,19,13
16.9,2,20.5,13
25.7,13,31.4,23
27.2,1.5,31.9,23
26.5,1,31.4,23
27.5,0,30.6,23
24.6,13.5,30.6,23
24,34,29.9,23
27.7,0,30.9,23
26.2,5.5,29.8,23
26.8,0,30.5,23
26.3,0.5,29.7,23
24.2,0,29.8,23
25.9,0,31,23
25.4,0,30.1,23
24.7,0,29.9,23
24.4,2,28.3,23
23.4,0,28.4,23
23.9,0,28.5,23
24.5,0,28.2,23
24.2,1.5,27.7,23
22.9,0,25.8,23
21.9,0,25.5,23
21.7,0,26.6,23
24.3,0,28.7,23
24.4,0,29.3,23
25.4,0.5,30.1,23
24.7,0,29.2,23
23.4,0,27.7,23
22.1,0,28.8,23
22.9,0,29.7,23
22.7,3,25.9,23
22.7,2,28.1,23
22.8,13.5,25.5,23
21,1,24.4,23
20.7,0,23.9,23
21.6,7.5,25.4,23
23.8,8.5,29.8,23
23.1,0,27.8,23
22.3,0.5,26.4,23
23.3,0.5,27.6,23
22.5,27,27.4,23
22.7,0,27.2,23
20.3,0,24.1,23
19.2,0,23.2,23
17.7,0,24.4,23
19.5,0,25.7,23
20.2,0,26.3,23
20.2,0,25.9,23
19.7,0,25.5,23
18,3,22.4,23
17.3,0,20.8,23
18.3,1.5,21.8,23
17.8,0,23.3,23
18.2,0,23,23
18.4,0,22.8,23
19.1,0,25.4,23
21.7,0,24.4,23
21.1,2,23.9,23
17.4,32.5,21.7,23
18.3,4.5,21.3,23
18.8,2,21.4,23
18.6,0,22.2,23
16.9,0,21.5,23
15.4,0,23.2,23
17.6,3,21.6,23
16.2,0,21.6,23
17.2,0,21,23
16.6,0,22.8,23
17.8,0,22.3,23
16.3,0,21.2,23
16.7,0,22.5,23
15.5,0,24.3,23
18.5,0,26.6,23
19.2,0,26.1,23
18.8,11,23.5,23
15.2,0,19.4,23
13.3,0,20.8,23
15.9,0,21.9,23
16.6,6,24.1,23
19.2,0,22.8,23
16.9,22,21,23
17.3,0,22.7,23
19.4,135.5,24.6,23
20.6,12,24.9,23
18.5,1.5,23,23
18.2,2,21.8,23
18,9.5,23.5,23
17.5,0,23.3,23
19.2,0.5,24.2,23
17.8,0,24.2,23
17.1,1,21.5,23
14.3,0,18.6,23
14.1,0,15.7,23
25.4,5.5,29.4,3
26.4,0,30.3,3
26.1,0,30.1,3
25.6,0,29.5,3
26.1,0,30.5,3
26,0,30.1,3
23.1,12.5,29.3,3
24.2,0,30.1,3
24.6,44.5,30.8,3
24.8,68.5,31.4,3
26,0,29.3,3
25,0,28.4,3
24.9,0,28.6,3
25.4,0,29.3,3
25.2,0,28.7,3
24,13.5,29.8,3
23,57.5,26.5,3
24.3,0.5,30.6,3
24.3,8,29.4,3
24.3,0,29.2,3
22.8,0,29.8,3
24.2,0,30.3,3
23.3,0,29.6,3
23.6,0,29.4,3
24.6,0,29,3
23.1,0,28.9,3
22.9,0,26.3,3
21.5,0,26.1,3
18.7,0,26.2,3
20.1,0,28.1,3
23,4,29.3,3
24,0,28.2,3
24.9,4,29,3
22.7,18,28.9,3
21.6,5,26,3
24.6,0,28.8,3
23.9,0,30.2,3
24.5,0,30.8,3
23.5,4.5,30,3
21.5,12,25.1,3
18.9,3.5,22.8,3
19.9,33.5,23.1,3
19.8,0,25.7,3
21.6,0,26.5,3
19.6,0,27.7,3
22.5,0,28.5,3
21.1,3,26.6,3
18.5,3.5,22.5,3
19.2,0.5,23.3,3
18.7,0,21,3
15.7,0,20.3,3
14.4,0,22.6,3
17.9,0,24.6,3
18.6,0,26.1,3
19.6,28.5,25.6,3
19.6,0,22.1,3
20,0,21.8,3
18.2,3,22.9,3
16.3,0,18.7,3
16.5,0,20.7,3
16.4,0,22,3
15.7,0,24.1,3
16.8,0,24.6,3
17.6,0,23.6,3
18.1,0,24.9,3
16.4,10,20.5,3
14.4,0,17.5,3
14.4,0,20.7,3
14.5,1,21.5,3
16.6,1,22.2,3
17,0,24.6,3
16.8,0,24.9,3
16.2,0,24.5,3
16.3,0,24.2,3
16.2,0,20.5,3
15.8,1,19.4,3
15.8,0,21.9,3
17.2,0,22.4,3
16.6,0,22,3
15.7,0,20.6,3
13.4,0,21.6,3
16.4,0,24.1,3
15.9,0,21.4,3
15.9,0,18.2,3
14,0,22.4,3
15.6,1.5,20.4,3
16.4,0,19,3
14.9,0,20.6,3
14.8,0,21.5,3
18,0.5,23.3,3
17.4,4.5,19.7,3
15,0,17.5,3
27.2,0,32.8,2
26.7,0,32.8,2
26.5,0,29.6,2
25.2,20,30.1,2
25.6,0.5,32.4,2
26.3,0.5,30.9,2
26,0.5,29.4,2
24.6,0,28.9,2
23.7,0,27.1,2
23.3,0,26.9,2
24.4,0,28.7,2
23.8,1,28.8,2
23.2,1.5,26.4,2
22.6,2,25.9,2
20.9,17,24.4,2
20.7,15,27.6,2
22.9,24.5,27.4,2
22,0,26.2,2
20.1,0,26.9,2
21.9,0,28.1,2
23,1,27.1,2
23.8,36.5,29.2,2
22.6,60.5,28.6,2
22,65,23.7,2
20.8,90,24.7,2
22.8,20.5,25.9,2
21.6,0,27,2
20.5,0,27.5,2
23.1,0,27.7,2
23.2,0,26.3,2
23.7,0,28.6,2
21.1,6,29,2
19.5,0,23.9,2
17.9,0,21.7,2
18.9,0.5,25.8,2
22.6,0,25.3,2
22.9,0,27.3,2
22.6,0,26.7,2
23.2,0,27.7,2
22.2,0,28.1,2
23.7,9,28.4,2
23.3,0,26.4,2
23,0,26.5,2
20.5,51,23.9,2
20.2,8,24.7,2
19.9,0,24.5,2
21.4,0.5,26,2
17.7,35,24.8,2
17.5,0,21,2
17.7,0,23.2,2
20.7,0,24.9,2
18.5,5,23,2
18.9,0,26.8,2
20.7,11.5,25,2
22.3,19,27.5,2
20.6,0,26.4,2
19.5,0,25.3,2
22.1,0,26.3,2
21.8,0,25.6,2
20.8,0,24,2
19.7,0,22.9,2
19,0,21.2,2
19.5,0,22.5,2
18.3,0,21.3,2
16.8,0,21.4,2
15.4,0,21.6,2
16.9,0,20.1,2
16.7,0,22.4,2
17.2,0,22.9,2
16.5,0,24.8,2
17.6,0,25.6,2
20.2,2.5,24.1,2
19.1,0,22.8,2
17.5,0,23.9,2
18.5,4,22.3,2
18.3,67.5,22.8,2
16.4,4,20.8,2
14.1,2,19.2,2
13.8,7,17.3,2
14.3,0,16.7,2
13.8,0,17.3,2
13.2,0,16.1,2
11.8,0,19.5,2
12,0,22.9,2
16.7,17,23.4,2
17.3,101,20.7,2
15.1,4,18.3,2
13.3,0,19.4,2
14.3,11,17.7,2
13.4,0,20.1,2
16,5.5,20.3,2
14.4,0,17.8,2
24,54,30.7,-1
25.4,0,31.8,-1
25.4,14.5,30.6,-1
25,0,28.6,-1
22.9,0,27,-1
20.5,0,27.5,-1
21.9,0,28.5,-1
22.4,35,27.8,-1
22.3,81,27.1,-1
22.5,0,29.2,-1
23.8,0,29.6,-1
25.8,0,31.3,-1
24.8,0,29.9,-1
25.2,0.5,29.7,-1
24.2,2.5,26.9,-1
23.9,0,28.3,-1
23.8,0,29.3,-1
23.5,17,27.9,-1
23.6,14.5,27.5,-1
23.7,29.5,28.7,-1
24.4,38.5,28.9,-1
24.3,1,29.9,-1
24.7,0,30.6,-1
25.1,0,31.2,-1
25,0,29.8,-1
21.8,0,26.1,-1
20.3,22,23.9,-1
19.6,58,23.4,-1
22.6,0,24.6,-1
21.9,0,25.6,-1
22.2,0,25.5,-1
20,0,23.9,-1
18.5,0,24.3,-1
19.7,0,23.3,-1
19.3,0,24.3,-1
20.7,0,23,-1
21.1,0,24.3,-1
21.6,20,23.6,-1
20.9,0,25,-1
18.2,0,22.2,-1
16.3,0,23.6,-1
18,0,24.9,-1
20.8,0,24.8,-1
19.9,127,23.4,-1
21.5,0,25.2,-1
21,0,24.1,-1
19.1,0,21.1,-1
19.3,0,23.8,-1
20,0,23.2,-1
19.2,12.5,21.5,-1
19.1,0.5,24.8,-1
18.8,0,26,-1
19.3,0,26.3,-1
19.7,0,22.9,-1
18.5,0,24.3,-1
18.9,10,23.6,-1
17.1,0.5,21.1,-1
16.3,0,21.8,-1
16.7,0,23.4,-1
19.1,0.5,22.5,-1
19.8,23,23.2,-1
18.9,0,26,-1
22,9,26.9,-1
17.6,0,22.7,-1
16.2,0,21.8,-1
16.2,0,23.7,-1
18,14.5,24.3,-1
15.9,5.5,20,-1
16,0,18.4,-1
15.1,0,19.6,-1
12.8,0,20.5,-1
14.3,0,23.3,-1
16.3,0,24,-1
21.5,0,26.7,-1
20.2,11,24.3,-1
14.8,0.5,20.3,-1
13.2,29,15.1,-1
13.6,3,17.5,-1
11.9,0,19.5,-1
14,0,22.5,-1
17,0,23.3,-1
16.3,0,23.5,-1
17.7,0,20.4,-1
15,0,21.6,-1
16.1,0,22.5,-1
13.4,3,16.6,-1
13,8.5,14.7,-1
12.3,0,17.8,-1
10.3,0,20.3,-1
12.4,0,17.7,-1
11.2,4.5,19.3,-1
10.9,0,13.5,-1
25.5,0,28.8,7
24.9,0,28.8,7
23.3,6,26.1,7
24.3,88.5,27.3,7
24.8,9,28.5,7
23.6,0,27.3,7
22.5,0,28,7
24.2,0,26.9,7
25.7,0,28.1,7
23.2,50.5,29.1,7
24.2,0.5,28.9,7
24,0.5,29.3,7
24,9.5,27.3,7
23.8,22,30,7
22.6,24.5,25.9,7
23,0,27.1,7
21.6,1,24.7,7
22.4,0,26.3,7
22.5,0,28.5,7
24.3,0,30.6,7
24.8,0,29.9,7
23.7,0,27.7,7
21.5,0,27.9,7
20.5,0,28.6,7
21.7,0,27.7,7
21.8,0,25.5,7
21.8,0,27.7,7
21.9,0,27.4,7
22.9,0,27,7
23.9,0,27.2,7
24.2,0,27,7
24.2,20,28.2,7
24.9,13,29.7,7
25.1,0,29,7
25.4,1,29,7
23.5,29.5,26.3,7
24.7,13.5,29.4,7
23.9,0,27.8,7
21.8,41,26.7,7
21.3,104,25.4,7
23.7,7,28,7
23.5,0,25.8,7
22.3,0,26,7
21.1,0,26.9,7
21.7,15.5,23.7,7
21.6,0,25,7
23.2,0,27.1,7
24.4,0,26.4,7
24.2,2,26.9,7
22.8,20,26.6,7
18.9,1.5,23.2,7
18.1,0,21.8,7
19,0,23.1,7
18.3,0,26,7
18.3,0,21.6,7
17.3,0,22.7,7
18.9,0,23.1,7
21.4,0,24.6,7
19.7,16,24.1,7
21.9,10,24.1,7
20.5,20,26.4,7
21.3,1.5,23.5,7
21.1,0,25.1,7
18.9,0,21.1,7
16.8,0,23,7
18.1,2,24.2,7
18.4,7,23.1,7
21.6,0,25.4,7
18.8,3.5,24.9,7
15.3,0.5,19.7,7
15.2,0,18.8,7
14.9,3,18.4,7
17.1,5,19.3,7
17.3,2.5,20.5,7
20.1,0,23.4,7
16.8,13.5,20.6,7
16.2,7.5,18,7
14.8,0,17.5,7
14.5,0,21.2,7
16,0,21.2,7
15.9,0,20.8,7
17.9,6.5,23.4,7
16.2,13.5,19.8,7
14.7,0,17.7,7
13.6,1.5,17.2,7
14,0.5,16.2,7
14.2,0,19,7
13.4,0,20,7
13.7,0,21.6,7
16.7,0,21.4,7
15.7,2.5,18.2,7
13.3,0,18,7
23.3,0,26.9,22
22.4,0,27.5,22
22.4,0,27.8,22
22.4,0,27.7,22
23,0,28.3,22
23.5,0,28.4,22
24,0,28.1,22
24.2,0,28.9,22
24.4,2,28.5,22
24.3,0.5,29.4,22
23.3,0,28,22
22.7,0.5,27.4,22
24.4,0.5,27.2,22
25.2,3.5,28.5,22
24.5,0,28.3,22
25,0.5,28.7,22
23.3,79.5,27.1,22
21.4,0,24.5,22
20.7,0,25.2,22
19.7,0,27.7,22
23.1,0,27.5,22
23.6,0,28.1,22
21.1,0,25.9,22
19.5,0,25.9,22
19.9,0,27.8,22
21.9,0,28,22
23.7,0,28.1,22
23.1,0,27,22
21.7,0,25.7,22
20.5,0,25.3,22
19.1,9.5,23,22
18.4,1,22.5,22
18.4,0,23.7,22
20.3,0,23.8,22
19.7,69.5,24.6,22
20,0.5,24.2,22
19.7,0,22.9,22
17.3,0,23.3,22
16.5,0,24.8,22
19.3,0,26.3,22
23,0,26.8,22
20.7,41,24.2,22
19,0,22.2,22
18.6,0,23.7,22
19.7,0,22.8,22
18.5,0,21.6,22
16.8,0,23.8,22
18.8,28,24.7,22
18.4,0.5,22.8,22
18.1,0,23.2,22
16.5,0,23,22
16.3,0,24.6,22
20.7,8,25.1,22
20.6,12.5,24.1,22
17.5,0,21.3,22
16.5,0,22,22
17.6,17,24.2,22
16.9,1.5,20.1,22
16.6,0,23.7,22
19.7,29,24.5,22
17.5,6,21.9,22
17.7,14.5,21.8,22
17.7,37,22.2,22
18.8,0,23.6,22
16.9,0,20.1,22
16.5,42.5,19.3,22
15.6,0,19.6,22
15.1,0,21.8,22
15.2,0,20,22
15.5,0.5,18.2,22
14.7,0,19,22
15.1,0,18.4,22
16.4,0,19.9,22
16.6,0,22.2,22
19.2,0,24.3,22
20.8,0,25.7,22
20,1,24.5,22
18.9,0,22.2,22
14.8,0.5,19.5,22
14.5,0.5,17.1,22
14.4,0,20.3,22
18.2,0,24.3,22
17.6,2.5,22.2,22
14.8,0,17.6,22
14,0,16.7,22
13.9,0,20.2,22
16,0,20.4,22
17.4,0,22.3,22
18.7,2.5,23.8,22
17.4,0,23.7,22
13.9,11.5,23.5,22
12.4,0,15.7,22
25.5,0,30.3,-4
24.8,0,30.1,-4
24.8,0,30.7,-4
23.8,13.5,29.5,-4
24.3,118,27.6,-4
26.2,9.5,29.7,-4
25.2,11,29.2,-4
25.7,0,30.1,-4
24.3,0.5,30.8,-4
25.5,0.5,30.6,-4
25.5,0,30,-4
24.7,2.5,28.7,-4
24,0,28.9,-4
25,0,28.6,-4
24.2,0.5,27.5,-4
22.2,0,25.6,-4
21.5,3.5,26.5,-4
22.2,0,27.7,-4
23,0,28.4,-4
23.2,0,27.8,-4
24.2,0,27.4,-4
23.7,0,26.6,-4
23.8,21.5,26.1,-4
24.7,8,26.5,-4
22.4,0.5,25.3,-4
21.8,0,24.5,-4
19.9,0,24.4,-4
19.9,0,24.8,-4
20.1,3.5,25.9,-4
21.3,0,26.4,-4
20.6,7,23.7,-4
21.2,15.5,24.2,-4
24,0.5,28.5,-4
24,2.5,28.2,-4
23.3,3.5,27.1,-4
21.1,0,25.5,-4
20.7,0,26.8,-4
22,6,26,-4
20.7,0,27.1,-4
23.2,0,27.3,-4
23.8,0,28.4,-4
18.7,0.5,24.1,-4
18.4,1,21.5,-4
17.8,3.5,20.8,-4
18,2,23.8,-4
19.8,0,24,-4
20.4,0.5,25.2,-4
19.5,1.5,22.8,-4
18.5,0,22,-4
17.5,0,21.3,-4
14.9,0,21.3,-4
16.5,0,22.2,-4
17.1,0,22.7,-4
18.7,0,22.8,-4
18.4,0,24.3,-4
18.5,79,23.6,-4
16.6,0,21.7,-4
15.3,0,22.9,-4
14.7,5,19.6,-4
15.5,0,17.3,-4
13.9,0,19.6,-4
12.6,0,21,-4
14.2,0,20.5,-4
12.8,0,20.9,-4
13.7,0,20.9,-4
16,0,21.9,-4
14.7,0,22.1,-4
16.3,0,22.1,-4
16.8,0,23.6,-4
19.4,21.5,22.6,-4
16.2,0,19.6,-4
15.8,0,19.7,-4
15.7,0,18.1,-4
15.4,18.5,20.2,-4
16.8,0.5,20.5,-4
16.2,1.5,19.7,-4
15.3,1.5,22,-4
20.9,52,23.4,-4
18.1,2,22.7,-4
15.2,4,19.2,-4
14.2,0,16.2,-4
15,0,16.8,-4
14.1,0,18.3,-4
12.2,0,20.6,-4
16.6,0,18.1,-4
14.6,11.5,16.8,-4
14.7,10,18.7,-4
11.8,2.5,16.5,-4
10.3,3,16.8,-4
13.3,0,15.8,-4
12.9,0,17.5,-4
12.5,1.5,15.5,-4
25.6,0,31.4,7
25.9,0.5,32,15
25,2.5,29.1,15
25.1,0,27.3,15
25.8,0,28.7,15
24.7,0,28.2,15
23.4,0,28.1,15
23.3,0.5,29.8,15
24.9,4,30,15
24.7,1,28.6,15
22.8,251.5,25.9,15
23.5,4.5,26.4,15
23.2,0.5,26.2,15
22.7,0,25.4,15
22.2,0,26.3,15
22.3,0,26.7,15
21.3,0,27.2,15
22.5,0,27.9,15
23,0,27.8,15
24.3,0,28.6,15
23.3,0,29.8,15
23.3,1,28.4,15
22.8,0,27.1,15
20.7,0,26.5,15
21.8,0,28.1,15
24.3,1,29.6,15
23,0,26.6,15
21.9,0,27.9,15
22.1,0,27.1,15
21.9,0,27.6,15
24,2,29.4,15
23.7,1.5,28.4,15
23,0,28.2,15
20.9,0,24.1,15
19.9,0,24.4,15
20.6,0,25.2,15
21.4,0,25.1,15
21.4,0,25.6,15
21.8,5,25.7,15
21.9,0,26.6,15
22.1,0,24.5,15
21.6,0,24.5,15
20.9,0,24,15
19.3,0,22.5,15
18.6,0,23.8,15
18.8,0,24.2,15
20.5,0,25.2,15
19.9,4.5,24.3,15
19.1,3.5,22.2,15
18.1,0,22.9,15
17.4,0,25.2,15
18.5,0,25.8,15
20,4.5,23.8,15
21.2,0,26,15
21.4,0,26.9,15
21.2,0,26.5,15
20.5,0,25.8,15
21,0,24.4,15
20.9,30,25.3,15
21.5,0.5,24.6,15
21.9,0,27.5,15
18,10,24.6,15
15.5,0,18.6,15
15.2,0,21.4,15
16.3,34.5,22.2,15
15.8,0,17.9,15
15.5,0,17.8,15
13.6,0,20,15
17.1,5.5,20.9,15
16.8,0,22.3,15
17.5,0,23.8,15
18.5,14,22.5,15
17,1,19.2,15
15.8,0,17.9,15
14.9,0,19.2,15
14.3,0,22.1,15
14.3,7.5,21.2,15
13.3,0,14.9,15
13.8,0,17.5,15
14.6,1,20.1,15
16.4,32.5,20,15
14.1,0,18.9,15
12.6,0,15.6,15
12.2,0,19.9,15
16,5,23.7,15
14.8,0,20.5,15
15.9,0,19.7,15
15.2,0,21.2,15
16.4,1.5,22.1,15
15.7,4.5,18.4,15
14.5,0,19.1,15
12,0,19.6,15
26.9,0,32,15
26.2,0,29.5,15
26.1,0,31.2,15
25.7,0,30.6,15
24.7,0,30.5,15
24.6,0,29.4,15
23.4,0,29.1,15
23.8,0,29.2,15
23.2,0,27.8,15
20,19.5,23.8,15
20.4,0,26.8,15
21.8,0,26.4,15
20.5,0,26.8,15
23,0,27.1,15
23.3,0,29.4,15
24.7,0,28,15
24.1,0,28.1,15
24.4,0,29.2,15
24.7,0,29.3,15
24.6,0,29.6,15
23.9,0,29.2,15
23.7,7,27.4,15
23.4,29.5,25.1,15
24,1,29.5,15
23,0,27.7,15
22.1,2,27.8,15
20.7,0,28.4,15
22,0,26.5,15
20.7,0,26.7,15
21.4,4.5,28.3,15
22,0,25.8,15
20.9,0,25.7,15
22.1,0,26.8,15
22.6,0,26.6,15
23.8,0,26.8,15
22.9,10,25.5,15
24,0,28.5,15
23.9,0,28.4,15
23.3,0,29.7,15
22.6,0,28.7,15
20.7,1,25.3,15
19.7,0,25.6,15
20.7,0,27.1,15
22.5,0,29.1,15
21.3,58,27.3,15
21.6,0,26.3,15
20.5,0,27.8,15
24.9,0,29.8,15
25.2,0,29.3,15
22.7,0,26.4,15
21.5,0,26.9,15
22.4,0,27.4,15
22.5,2,27.6,15
23,0,27.2,15
21.8,0,27.1,15
21,0,25.4,15
17,0,21.4,15
16.6,0,18.8,15
17.9,0,23.3,15
19.6,24,25.2,15
20.1,0,25.2,15
20.4,0,24.9,15
21.7,11.5,26.9,15
18.7,0,22.6,15
17.4,0,20.6,15
16.4,0,22,15
20.5,13.5,25.2,15
19.2,0,22.9,15
18.6,0,22.8,15
19,0,23.8,15
21.9,11.5,25,15
19.9,0,23.8,15
18.5,0,21.6,15
17,0,23.8,15
19.2,2.5,24.2,15
19.5,9.5,23.1,15
16.9,0,21.1,15
15.4,0,17.2,15
14.5,0,19.9,15
15.3,0,21.2,15
16,1.5,23.2,15
19.3,0,25,15
19.3,0,25.7,15
21.7,2,26.5,15
19.3,12,23.8,15
16.6,4,20.2,15
16.5,0,21.4,15
15.8,0,21,15
15.9,5,18,15
15.2,0,19.8,15
14,0,20.8,15
16.8,0,18.8,15
26.7,0,31.7,21
27.1,0,31.7,21
27.1,17,29.9,21
26.7,4.5,29,21
25.7,1,31,21
26.6,0.5,31.3,21
25.8,4,31,21
26.8,0.5,30.6,21
26.2,0,30.9,21
26.3,4.5,28.6,21
24.8,0,30.3,21
26.2,1.5,29.3,21
25.7,1.5,28.8,21
24.6,32.5,27.7,21
25.8,0.5,29.4,21
25.2,3.5,31.2,21
26,0,30.5,21
26.8,0,31.1,21
26.4,0,30.8,21
27.4,1.5,31.1,21
26.4,1.5,31.6,21
27.2,0,30.8,21
27.1,0,30.6,21
26.2,0,29.5,21
24.9,0.5,30,21
25.4,0.5,30,21
24.3,0,30.2,21
24.7,0,30.2,21
25.2,0,28.3,21
24.3,0,27.7,21
23.5,0,29,21
22,0,27.5,21
21.6,0,24.2,21
20.7,0,25.4,21
20.3,0,26.1,21
21.7,0,28,21
21.3,0,28.2,21
19.9,0,27.7,21
21.2,0,27.2,21
20.7,1,24.6,21
21.4,0,25.6,21
21.2,0,24.5,21
19.9,0,26.7,21
20.5,0,27.8,21
22.1,0,29.9,21
23.8,0,27.2,21
22.1,0,26.4,21
20.1,0,26.8,21
20.9,0,29,21
24,1.5,28.7,21
23.4,0.5,28.2,21
21.7,53,26.2,21
21.5,0,27.2,21
19.5,8.5,24.2,21
18.4,3.5,21.2,21
18.6,0,22.3,21
18.2,0,25.8,21
19.6,34.5,24.6,21
19.5,0.5,22,21
17.9,0,23.7,21
18.1,0,25.2,21
20.2,13,23.4,21
20.4,0,23.8,21
20.5,0,24.9,21
21.1,6,28.2,21
22,12.5,25.5,21
19.6,0,23,21
18.6,0,22.1,21
17.7,0,23.2,21
19.6,0,24.3,21
19.1,0,24,21
18.1,0,23.4,21
18.6,5,24.7,21
20.4,7.5,25.7,21
16.8,0,22.3,21
16,0.5,19,21
14.9,0,18.5,21
15.2,0,20.7,21
18.4,0,23.2,21
19.1,0,24.8,21
22,0,25.8,21
22.4,0,25.6,21
19.3,1.5,26,21
17.7,0,20.2,21
16.5,0,21.3,21
17.6,0,22.6,21
20.1,0,25.7,21
16.3,0.5,23,21
16,0,18.6,21
16.2,1,19.7,21
15.8,0,20.5,21
16.9,0,22.5,21
26.1,0,30.8,14
24.6,0,30.3,14
26.2,0,30.8,14
26.9,0,30.1,14
26.7,2,30.4,14
26.6,0,32.7,14
26.9,0,33,14
27.4,1,31.9,14
26.2,5.5,31.1,14
26.9,0.5,31.7,14
27.2,0,31.3,14
27,0,31.7,14
26,13,31.9,14
24.9,12.5,30.9,14
27.4,2,32.1,14
27.3,1,31.8,14
25.4,33,30.1,14
25.4,21.5,31.4,14
25.1,4.5,31.6,14
26,0,30.6,14
24.7,5,28.8,14
23,10.5,27.1,14
23.8,0,27.4,14
22.6,0,27.1,14
22.7,0,26.4,14
22.6,0,27.6,14
22.6,14.5,26.9,14
23.5,143.5,27.1,14
23.2,0,26.6,14
21.1,0,23.7,14
20,0,25.3,14
22.3,0,26.7,14
22.7,0,27.8,14
23,0,27.5,14
20.8,0,24.3,14
19.8,0,26,14
22.9,0,26.9,14
22,0,27.3,14
21.2,0,27.5,14
23.1,0,27.5,14
23.6,1,27.9,14
22.3,18,25.7,14
20.6,1,23.3,14
20.8,1,24.7,14
22,45,25.8,14
21.2,0,26.2,14
20.7,0,23.8,14
21.7,37.5,24.9,14
19.3,5.5,25.9,14
18.4,0,21,14
18.5,0,22.2,14
19,1.5,23.3,14
21.6,17,27.1,14
17.9,0.5,22.4,14
15.9,0,21.5,14
18.3,0,23.4,14
20.3,16,24.9,14
20.6,0.5,24.1,14
22.1,0,26.3,14
22,0,27,14
19.9,2,25.2,14
16.9,5.5,20.9,14
16.8,9,20.3,14
19.6,12,23.1,14
19.4,0.5,22.3,14
16.7,0,19.7,14
15.3,0,20.2,14
16.5,0,21.6,14
16.4,5,20.4,14
15.7,0,19.9,14
15,0,22.6,14
16.5,0,19.9,14
16.1,0,20.7,14
15.8,0,20,14
15.4,0,20.1,14
16.9,0,22.1,14
16.1,14,22.9,14
14.7,0,16.5,14
14.5,0,18.3,14
15.1,3,17.9,14
16.3,0.5,18.6,14
14.5,0,18.8,14
13.1,0,19.9,14
15.8,0,21.2,14
17.9,0,25.5,14
16.3,0,18.6,14
15.2,0,19.3,14
15.1,0,19.8,14
13.7,0,20.9,14
16.9,0,20.1,14
15.2,0,21.3,14
14.8,1,20.4,14
24.3,0,28.2,10
23,0,27.6,10
24.1,18.5,26.3,10
24.5,91,27.6,10
24.7,65,25.7,10
23.9,0,27.8,10
23.1,0,27.8,10
23.7,0,27.4,10
22.6,0,28.3,10
23,0,27.9,10
20.5,6,27.2,10
18.8,19,21,10
18.8,4.5,24.6,10
22.7,0,26.7,10
22.3,129.5,25.9,10
22.8,0,28.1,10
21.8,29,24.6,10
22,0,26.5,10
21,0,25,10
20.2,0,25.5,10
21.4,0,26.5,10
22.2,1,26.9,10
21.3,0,28.3,10
21.9,0,27.6,10
21.4,0,26.4,10
20.1,0,28.2,10
21.7,2.5,25.5,10
20.5,0,24.2,10
20.2,0,24,10
22.3,0,27.3,10
19.6,9,23.5,10
19.7,0,24.6,10
21.2,8,25.9,10
20.6,60.5,24.5,10
23.8,1,27.2,10
23,1,27.1,10
22.3,0,27.2,10
21.5,0,27,10
21.8,0,27.4,10
21,0,27.6,10
22.3,0,26.2,10
20.8,0,27,10
19.7,0,26.9,10
20.6,12.5,24,10
21.2,0,25.2,10
20.4,0,25.1,10
21.2,49.5,26,10
22.7,0,25.4,10
21.9,0,26.7,10
21.4,27,25.4,10
20.2,0,24.5,10
21.7,0,26.3,10
20.2,1,24.7,10
18.9,0,22.8,10
19.3,0,24.8,10
20.2,0,24.5,10
21.7,0,25.9,10
21.5,0,25.8,10
22.4,0,25.9,10
20.4,0,24.3,10
19.3,0,24.8,10
20.9,0,25.9,10
22.9,0,27.1,10
24.3,0,27.9,10
22.7,9.5,29.4,10
22.2,4,24.5,10
22,11,27.8,10
19.8,1,23.3,10
18.6,0,20.6,10
17,8.5,21.2,10
19.4,39,21.8,10
20.7,8.5,24.9,10
18.7,0,22.7,10
16.9,0,20.1,10
17.6,0,21,10
17.1,0,21.2,10
14.8,0.5,24,10
17.3,0,20.6,10
15.7,0,19.9,10
13.3,0,21.9,10
17.5,0,25.1,10
20.7,0.5,24.5,10
18.7,0,26.2,10
20.2,0,24.3,10
17.3,0.5,21.2,10
18.2,1.5,21.8,10
20.5,57.5,24.6,10
17.4,0,22.6,10
14.1,2.5,17.5,10
13.2,3.5,16.5,10
14.1,0,16.7,10
15.5,0,20.6,10
